Municipi,Comarca,Codi,Altitud (m),Superficie,Poblacio
Abella de la Conca,Pallars Jussà,250019,956,78.30,166
Abrera,Baix Llobregat,080018,105,19.90,12821
Àger,Noguera,250024,642,160.60,582
Agramunt,Urgell,250030,337,79.70,5505
Aguilar de Segarra,Bages,080023,480,43.30,293
Agullana,Alt Empordà,170010,166,27.70,921
Aiguafreda,Vallès Oriental,080142,404,7.90,2572
Aiguamúrcia,Alt Camp,430017,314,73.00,983
Aiguaviva,Gironès,170025,169,13.90,771
Aitona,Segrià,250387,110,66.90,2520
"Alamús, els",Segrià,250045,212,20.50,792
Alàs i Cerc,Alt Urgell,250058,768,57.70,325
"Albagés, l'",Garrigues,250061,372,25.70,356
Albanyà,Alt Empordà,170031,239,94.40,170
Albatàrrec,Segrià,250077,147,10.50,2228
Albesa,Noguera,250083,237,37.60,1580
"Albi, l'",Garrigues,250096,526,32.50,764
Albinyana,Baix Penedès,430022,198,19.40,2664
"Albiol, l'",Baix Camp,430038,823,20.30,539
Albons,Baix Empordà,170046,25,11.10,816
Alcanar,Montsià,430043,72,47.10,9772
Alcanó,Segrià,250100,214,21.00,244
Alcarràs,Segrià,250117,137,114.30,10000
Alcoletge,Segrià,250122,213,16.70,3544
Alcover,Alt Camp,430056,243,46.00,5267
"Aldea, l'",Baix Ebre,439044,9,35.20,4487
Aldover,Baix Ebre,430069,14,20.20,879
"Aleixar, l'",Baix Camp,430075,262,26.10,947
Alella,Maresme,080039,90,9.60,10110
Alfara de Carles,Baix Ebre,430081,334,63.90,364
Alfarràs,Segrià,250138,281,11.40,2778
Alfés,Segrià,250143,236,31.90,285
Alforja,Baix Camp,430094,374,38.20,1984
Algerri,Noguera,250156,345,54.30,438
Alguaire,Segrià,250169,304,50.10,3006
Alins,Pallars Sobirà,250175,1048,183.20,283
Alió,Alt Camp,430108,263,7.30,512
Almacelles,Segrià,250194,247,49.00,6976
Almatret,Segrià,250208,462,56.80,305
Almenar,Segrià,250215,329,66.60,3360
Almoster,Baix Camp,430115,290,6.00,1309
Alòs de Balaguer,Noguera,250220,297,69.10,114
Alp,Cerdanya,170062,1158,44.30,1721
Alpens,Osona,080044,855,13.80,273
Alpicat,Segrià,250236,264,15.30,6450
Alt Àneu,Pallars Sobirà,250241,1076,217.80,449
Altafulla,Tarragonès,430120,52,7.00,5684
Amer,Selva,170078,186,40.10,2415
"Ametlla de Mar, l'",Baix Ebre,430136,19,66.90,7330
"Ametlla del Vallès, l'",Vallès Oriental,080057,281,14.20,9283
"Ampolla, l'",Baix Ebre,439060,8,35.70,3631
Amposta,Montsià,430141,8,138.30,22225
Anglès,Selva,170084,181,16.30,5839
Anglesola,Urgell,250273,335,23.50,1365
Arbeca,Garrigues,250292,332,58.30,2113
"Arboç, l'",Baix Penedès,430167,166,14.10,5692
Arbolí,Baix Camp,430154,714,20.80,131
Arbúcies,Selva,170097,291,86.20,6527
Arenys de Mar,Maresme,080060,10,6.80,16280
Arenys de Munt,Maresme,080076,121,21.30,9391
Argelaguer,Garrotxa,170101,183,12.50,428
Argençola,Anoia,080082,716,47.10,227
"Argentera, l'",Baix Camp,430173,344,10.10,132
Argentona,Maresme,080095,88,25.40,12845
"Armentera, l'",Alt Empordà,170118,7,5.60,1063
Arnes,Terra Alta,430189,506,43.00,456
Arres,Val d'Aran,250313,1224,11.60,71
Arsèguel,Alt Urgell,250328,950,10.60,79
Artés,Bages,080109,316,17.90,5981
Artesa de Lleida,Segrià,250334,202,23.90,1522
Artesa de Segre,Noguera,250349,318,175.90,3528
Ascó,Ribera d'Ebre,430192,70,73.60,1637
Aspa,Segrià,250365,256,10.20,217
"Avellanes i Santa Linya, les",Noguera,250371,567,103.00,444
Avià,Berguedà,080116,677,27.20,2249
Avinyó,Bages,080121,353,63.20,2297
Avinyonet de Puigventós,Alt Empordà,170123,70,12.30,1684
Avinyonet del Penedès,Alt Penedès,080137,280,29.10,1738
Badalona,Barcelonès,080155,6,21.20,224301
Badia del Vallès,Vallès Occidental,089045,120,0.90,13055
Bagà,Berguedà,080168,785,43.10,2147
Baix Pallars,Pallars Sobirà,250390,591,129.40,355
Balaguer,Noguera,250404,233,57.30,17544
Balenyà,Osona,080174,587,17.40,3965
Balsareny,Bages,080180,327,36.90,3306
Banyeres del Penedès,Baix Penedès,430206,173,12.20,3356
Banyoles,Pla de l'Estany,170157,172,11.10,20492
Barbens,Pla d'Urgell,250411,283,7.60,929
Barberà de la Conca,Conca de Barberà,430213,475,26.60,484
Barberà del Vallès,Vallès Occidental,082520,146,8.30,33353
Barcelona,Barcelonès,080193,9,101.40,1655956
"Baronia de Rialb, la",Noguera,250426,388,145.10,225
Bàscara,Alt Empordà,170160,66,17.50,1053
Bassella,Alt Urgell,250447,423,70.30,220
Batea,Terra Alta,430228,376,128.40,1863
Bausen,Val d'Aran,250450,931,17.70,70
Begues,Baix Llobregat,080207,399,50.40,7429
Begur,Baix Empordà,170139,200,20.70,4229
Belianes,Urgell,250463,373,15.70,510
Bellaguarda,Garrigues,251706,640,17.10,296
Bellcaire d'Empordà,Baix Empordà,170182,35,12.60,727
Bellcaire d'Urgell,Noguera,250479,267,31.40,1225
Bell-lloc d'Urgell,Pla d'Urgell,250485,196,34.90,2374
Bellmunt d'Urgell,Noguera,250498,379,5.10,177
Bellmunt del Priorat,Priorat,430234,261,8.90,285
Bellprat,Anoia,080214,653,31.00,72
Bellpuig,Urgell,250501,308,35.00,5182
Bellvei,Baix Penedès,430249,108,8.30,2361
Bellver de Cerdanya,Cerdanya,250518,1061,98.20,2251
Bellvís,Pla d'Urgell,250523,207,46.70,2251
Benavent de Segrià,Segrià,250539,234,7.40,1581
Benifallet,Baix Ebre,430252,19,62.40,736
Benissanet,Ribera d'Ebre,430265,26,23.10,1161
Berga,Berguedà,080229,704,22.60,16994
Besalú,Garrotxa,170195,151,4.90,2512
Bescanó,Gironès,170209,102,35.90,5171
Beuda,Garrotxa,170216,338,35.90,212
Bigues i Riells del Fai,Vallès Oriental,080235,307,28.60,9944
Biosca,Segarra,250557,455,66.20,185
"Bisbal d'Empordà, la",Baix Empordà,170221,39,20.60,11364
"Bisbal de Falset, la",Priorat,430271,372,14.10,206
"Bisbal del Penedès, la",Baix Penedès,430287,189,32.50,4168
Biure,Alt Empordà,172348,81,10.00,240
Blancafort,Conca de Barberà,430290,428,14.50,390
Blanes,Selva,170237,13,17.70,41517
Boadella i les Escaules,Alt Empordà,170293,82,10.80,262
Bolvir,Cerdanya,170242,1145,10.30,508
Bonastre,Baix Penedès,430304,177,25.00,744
"Bòrdes, Es",Val d'Aran,250576,852,21.40,280
Bordils,Gironès,170255,42,7.30,1794
"Borges Blanques, les",Garrigues,250582,304,61.60,6199
"Borges del Camp, les",Baix Camp,430311,238,8.20,2195
Borrassà,Alt Empordà,170268,73,9.50,795
Borredà,Berguedà,080240,854,43.50,439
Bossòst,Val d'Aran,250595,710,28.20,1138
Bot,Terra Alta,430326,286,34.90,560
Botarell,Baix Camp,430332,196,12.00,1152
Bovera,Garrigues,250560,297,31.10,261
Bràfim,Alt Camp,430347,236,6.40,687
Breda,Selva,170274,169,5.00,3892
"Bruc, el",Anoia,080253,489,47.20,2275
"Brull, el",Osona,080266,843,41.00,286
Brunyola i Sant Martí Sapresa,Selva,170280,247,36.80,398
Cabacés,Priorat,430350,358,31.30,305
Cabanabona,Noguera,250609,421,14.20,62
Cabanelles,Alt Empordà,170314,194,55.60,276
Cabanes,Alt Empordà,170307,26,15.00,938
"Cabanyes, les",Alt Penedès,080272,252,1.20,993
Cabó,Alt Urgell,250616,768,80.30,101
Cabra del Camp,Alt Camp,430363,493,27.00,1282
Cabrera d'Anoia,Anoia,080288,299,17.00,1667
Cabrera de Mar,Maresme,080291,104,9.00,4948
Cabrils,Maresme,080305,147,7.10,7803
Cadaqués,Alt Empordà,170329,23,26.40,2916
Calaf,Anoia,080312,680,9.20,3549
Calafell,Baix Penedès,430379,67,20.40,30482
Calders,Moianès,080348,552,33.10,1098
Caldes d'Estrac,Maresme,080327,33,0.90,3213
Caldes de Malavella,Selva,170335,84,57.30,8391
Caldes de Montbui,Vallès Oriental,080333,203,37.50,18102
Calella,Maresme,080351,5,8.00,19762
Calldetenes,Osona,080370,489,5.80,2596
Callús,Bages,080386,260,12.50,2100
Calonge de Segarra,Anoia,080364,688,37.20,188
Calonge i Sant Antoni,Baix Empordà,170340,22,33.60,12004
Camarasa,Noguera,250621,321,157.10,795
Camarles,Baix Ebre,439039,13,25.20,3365
Cambrils,Baix Camp,430385,24,35.20,36441
Camós,Pla de l'Estany,170353,168,15.70,718
Campdevànol,Ripollès,170366,738,32.60,3215
Campelles,Ripollès,170372,1303,18.60,165
Campins,Vallès Oriental,080399,321,7.30,592
Campllong,Gironès,170388,113,8.60,534
Camprodon,Ripollès,170391,947,103.40,2487
Canejan,Val d'Aran,250637,906,48.30,96
Canet d'Adri,Gironès,170405,217,44.40,740
Canet de Mar,Maresme,080403,15,5.60,15014
"Canonja, la",Tarragonès,439076,50,7.30,5925
Canovelles,Vallès Oriental,080410,175,6.70,17025
Cànoves i Samalús,Vallès Oriental,080425,346,29.20,3320
Cantallops,Alt Empordà,170412,200,19.60,326
Canyelles,Garraf,080431,142,14.20,5201
Capafonts,Baix Camp,430398,751,13.40,111
Capçanes,Priorat,430402,223,22.50,423
Capellades,Anoia,080446,317,2.90,5415
Capmany,Alt Empordà,170427,107,26.40,665
Capolat,Berguedà,080459,1279,34.10,88
Cardedeu,Vallès Oriental,080462,193,12.10,19047
Cardona,Bages,080478,507,66.70,4561
Carme,Anoia,080484,351,11.70,797
Caseres,Terra Alta,430419,324,42.90,242
Cassà de la Selva,Gironès,170448,137,45.20,10833
Casserres,Berguedà,080497,611,29.50,1638
"Castell d'Aro, Platja d'Aro i s'Agaró",Baix Empordà,170486,5,21.80,12533
Castell de l'Areny,Berguedà,080575,954,24.40,69
Castell de Mur,Pallars Jussà,259046,532,62.40,179
Castellar de la Ribera,Solsonès,250642,657,60.20,141
Castellar de n'Hug,Berguedà,080522,1395,47.10,171
Castellar del Riu,Berguedà,080500,920,32.70,169
Castellar del Vallès,Vallès Occidental,080517,331,44.90,25122
Castellbell i el Vilar,Bages,080538,178,28.50,4062
Castellbisbal,Vallès Occidental,080543,132,31.00,12811
Castellcir,Moianès,080556,773,34.20,775
Castelldans,Garrigues,250674,353,65.10,887
Castelldefels,Baix Llobregat,080569,3,12.90,68327
Castellet i la Gornal,Alt Penedès,080581,137,47.50,2569
Castellfollit de la Roca,Garrotxa,170464,296,0.70,938
Castellfollit de Riubregós,Anoia,080608,467,26.20,162
Castellfollit del Boix,Bages,080594,700,58.90,462
Castellgalí,Bages,080615,266,17.20,2308
Castellnou de Bages,Bages,080620,469,29.20,1415
Castellnou de Seana,Pla d'Urgell,250680,269,16.10,709
Castelló d'Empúries,Alt Empordà,170470,17,42.30,11787
Castelló de Farfanya,Noguera,250693,358,52.60,530
Castellolí,Anoia,080636,415,25.30,653
Castellserà,Urgell,250707,267,15.80,986
Castellterçol,Moianès,080641,726,31.90,2729
Castellvell del Camp,Baix Camp,430424,219,5.20,3017
Castellví de la Marca,Alt Penedès,080654,198,28.40,1671
Castellví de Rosanes,Baix Llobregat,080667,178,16.40,2085
"Catllar, el",Tarragonès,430430,59,26.40,5118
Cava,Alt Urgell,250714,1335,42.20,46
"Cellera de Ter, la",Selva,171899,166,14.60,2013
Celrà,Gironès,170499,71,19.50,5462
Centelles,Osona,080673,496,15.20,7737
Cercs,Berguedà,082687,650,47.40,1197
Cerdanyola del Vallès,Vallès Occidental,082665,82,30.60,57752
Cervelló,Baix Llobregat,080689,122,24.10,9461
Cervera,Segarra,250729,548,55.20,9468
Cervià de les Garrigues,Garrigues,250735,444,34.20,645
Cervià de Ter,Gironès,170502,45,9.90,1007
Cistella,Alt Empordà,170519,130,25.60,301
Ciutadilla,Urgell,250740,519,17.00,188
Clariana de Cardener,Solsonès,250753,500,40.80,158
"Cogul, el",Garrigues,250766,279,17.50,155
Colera,Alt Empordà,170545,10,24.40,477
Coll de Nargó,Alt Urgell,250772,573,151.40,558
Collbató,Baix Llobregat,080692,388,18.10,4823
Colldejou,Baix Camp,430458,431,14.50,161
Collsuspina,Moianès,080706,901,15.10,387
Colomers,Baix Empordà,170558,41,4.40,207
"Coma i la Pedra, la",Solsonès,251636,1004,60.60,277
Conca de Dalt,Pallars Jussà,251615,507,166.50,435
Conesa,Conca de Barberà,430461,705,29.00,120
Constantí,Tarragonès,430477,81,30.90,6849
Copons,Anoia,080713,432,18.70,342
Corbera d'Ebre,Terra Alta,430483,337,53.10,1017
Corbera de Llobregat,Baix Llobregat,080728,342,18.40,15529
Corbins,Segrià,250788,211,21.00,1481
Corçà,Baix Empordà,170577,43,16.30,1293
Cornellà de Llobregat,Baix Llobregat,080734,27,7.00,90076
Cornellà del Terri,Pla de l'Estany,170561,96,27.70,2398
Cornudella de Montsant,Priorat,430496,533,63.50,1002
Creixell,Tarragonès,430509,48,10.50,4067
Crespià,Pla de l'Estany,170583,138,11.40,242
"Cruïlles, Monells i Sant Sadurní de l'Heura",Baix Empordà,179011,110,99.80,1319
Cubelles,Garraf,080749,12,13.50,16950
Cubells,Noguera,250791,499,39.20,343
Cunit,Baix Penedès,430516,10,9.70,15246
Darnius,Alt Empordà,170600,193,34.90,541
Das,Cerdanya,170617,1219,14.60,258
Deltebre,Baix Ebre,439018,6,107.40,11834
Dosrius,Maresme,080752,147,40.70,5920
Duesaigües,Baix Camp,430537,268,13.60,226
"Escala, l'",Alt Empordà,170622,14,16.30,10676
Esparreguera,Baix Llobregat,080765,187,27.40,22392
Espinelves,Osona,170638,752,17.40,247
"Espluga Calba, l'",Garrigues,250812,434,21.50,327
"Espluga de Francolí, l'",Conca de Barberà,430542,411,57.00,3758
Esplugues de Llobregat,Baix Llobregat,080771,110,4.60,46968
Espolla,Alt Empordà,170643,124,43.60,410
Esponellà,Pla de l'Estany,170656,142,16.10,468
Espot,Pallars Sobirà,250827,1318,97.30,385
"Espunyola, l'",Berguedà,080787,803,35.50,269
"Esquirol, l' ",Osona,082541,693,61.80,2265
Estamariu,Alt Urgell,250886,1084,21.20,134
"Estany, l'",Moianès,080790,870,10.30,403
Estaràs,Segarra,250851,596,21.00,164
Esterri d'Àneu,Pallars Sobirà,250864,957,8.50,874
Esterri de Cardós,Pallars Sobirà,250870,1212,16.60,61
Falset,Priorat,430555,364,31.60,2829
"Far d'Empordà, el",Alt Empordà,170059,44,9.00,611
Farrera,Pallars Sobirà,250899,1294,61.90,123
"Fatarella, la",Terra Alta,430568,487,56.50,873
"Febró, la",Baix Camp,430574,754,16.10,38
Figaró-Montmany,Vallès Oriental,081347,330,15.00,1157
Fígols,Berguedà,080804,1154,29.30,46
Fígols i Alinyà,Alt Urgell,259084,602,101.80,256
"Figuera, la",Priorat,430580,576,18.70,120
Figueres,Alt Empordà,170669,39,19.30,47841
Figuerola del Camp,Alt Camp,430593,474,22.70,338
Flaçà,Gironès,170675,34,6.50,1148
Flix,Ribera d'Ebre,430607,47,116.90,3348
"Floresta, la",Garrigues,250925,316,5.50,155
Fogars de la Selva,Selva,080826,45,32.10,1631
Fogars de Montclús,Vallès Oriental,080811,386,39.70,481
Foixà,Baix Empordà,170681,85,18.80,293
Folgueroles,Osona,080832,552,10.50,2261
Fondarella,Pla d'Urgell,250931,243,5.40,786
Fonollosa,Bages,080847,525,51.70,1555
Fontanals de Cerdanya,Cerdanya,170694,1180,28.70,532
Fontanilles,Baix Empordà,170708,29,9.30,170
Fontcoberta,Pla de l'Estany,170715,207,17.30,1441
Font-rubí,Alt Penedès,080850,319,37.40,1441
Foradada,Noguera,250946,455,28.60,185
Forallac,Baix Empordà,179026,51,50.60,1753
Forès,Conca de Barberà,430614,866,16.00,47
Fornells de la Selva,Gironès,170736,102,11.90,2732
Fortià,Alt Empordà,170741,8,10.80,787
"Franqueses del Vallès, les",Vallès Oriental,080863,181,29.10,20493
Freginals,Montsià,430629,126,17.60,416
"Fuliola, la",Urgell,250962,275,11.10,1234
Fulleda,Garrigues,250978,581,16.20,89
Gaià,Bages,080902,481,39.50,177
"Galera, la",Montsià,430635,112,27.50,714
Gallifa,Vallès Occidental,080879,502,16.30,187
Gandesa,Terra Alta,430640,363,71.20,3128
Garcia,Ribera d'Ebre,430653,73,52.40,549
"Garidells, els",Alt Camp,430666,132,3.10,198
"Garriga, la",Vallès Oriental,080885,252,18.80,17028
Garrigàs,Alt Empordà,170754,101,19.90,469
Garrigoles,Baix Empordà,170767,92,9.40,190
Garriguella,Alt Empordà,170773,56,21.00,970
Gavà,Baix Llobregat,080898,9,30.80,47498
Gavet de la Conca,Pallars Jussà,250984,421,90.90,261
Gelida,Alt Penedès,080919,196,26.70,7944
Ger,Cerdanya,170789,1135,33.40,510
Gimenells i el Pla de la Font,Segrià,259123,258,55.80,1113
Ginestar,Ribera d'Ebre,430672,26,15.80,780
Girona,Gironès,170792,70,39.10,104038
Gironella,Berguedà,080924,469,6.80,4982
Gisclareny,Berguedà,080930,1340,36.50,27
Godall,Montsià,430688,168,33.60,618
Golmés,Pla d'Urgell,250997,275,16.60,1907
Gombrèn,Ripollès,170806,919,43.30,202
Gósol,Berguedà,251001,1423,56.30,228
"Granada, la",Alt Penedès,080945,272,6.50,2218
"Granadella, la",Garrigues,251018,528,88.70,756
Granera,Moianès,080958,782,23.70,93
"Granja d'Escarp, la",Segrià,251023,78,38.50,935
Granollers,Vallès Oriental,080961,145,14.90,62950
Granyanella,Segarra,251039,508,24.40,149
Granyena de les Garrigues,Garrigues,251057,366,20.50,156
Granyena de Segarra,Segarra,251044,636,16.30,154
Gratallops,Priorat,430691,321,13.50,236
Gualba,Vallès Oriental,080977,177,23.30,1662
Gualta,Baix Empordà,170813,15,9.00,439
Guardiola de Berguedà,Berguedà,080996,720,61.70,935
"Guiamets, els",Priorat,430705,226,12.10,265
Guils de Cerdanya,Cerdanya,170828,1385,22.00,601
Guimerà,Urgell,251095,555,25.80,255
"Guingueta d'Àneu, la",Pallars Sobirà,259031,919,108.40,282
Guissona,Segarra,251109,484,18.10,7525
Guixers,Solsonès,251116,840,66.40,131
Gurb,Osona,081000,516,51.60,2697
Horta de Sant Joan,Terra Alta,430712,542,119.00,1172
"Hospitalet de Llobregat, l'",Barcelonès,081017,8,12.40,276617
"Hostalets de Pierola, els",Anoia,081629,361,33.50,3189
Hostalric,Selva,170834,189,3.40,4396
Igualada,Anoia,081022,313,8.10,41287
Isona i Conca Dellà,Pallars Jussà,251155,659,139.40,1056
Isòvol,Cerdanya,170849,1088,10.80,338
Ivars d'Urgell,Pla d'Urgell,251137,265,24.30,1605
Ivars de Noguera,Noguera,251121,314,27.10,333
Ivorra,Segarra,251142,567,15.40,100
Jafre,Baix Empordà,170852,44,6.60,388
"Jonquera, la",Alt Empordà,170865,110,56.90,3351
Jorba,Anoia,081038,380,30.90,829
Josa i Tuixén,Alt Urgell,259101,1206,68.20,126
Juià,Gironès,170871,94,8.40,337
Juncosa,Garrigues,251180,575,76.50,381
Juneda,Garrigues,251193,264,47.30,3520
Les,Val d'Aran,251214,634,23.50,1008
Linyola,Pla d'Urgell,251229,248,28.70,2737
"Llacuna, la",Anoia,081043,615,52.20,946
Lladó,Alt Empordà,170887,197,13.50,848
Lladorre,Pallars Sobirà,251235,1052,147.00,255
Lladurs,Solsonès,251240,834,128.00,185
"Llagosta, la",Vallès Oriental,081056,45,3.00,13114
Llagostera,Gironès,170890,160,76.40,9197
Llambilles,Gironès,170904,143,14.60,714
Llanars,Ripollès,170911,983,24.70,535
Llançà,Alt Empordà,170926,4,28.00,4960
Llardecans,Segrià,251253,397,66.00,418
Llavorsí,Pallars Sobirà,251266,811,68.50,342
Lleida,Segrià,251207,155,212.30,142990
Llers,Alt Empordà,170932,142,21.30,1225
Lles de Cerdanya,Cerdanya,251272,1471,102.80,295
Lliçà d'Amunt,Vallès Oriental,081075,145,22.30,16083
Lliçà de Vall,Vallès Oriental,081081,125,10.80,6727
Llimiana,Pallars Jussà,251288,790,41.70,133
Llinars del Vallès,Vallès Oriental,081069,198,27.60,10476
Llívia,Cerdanya,170947,1224,12.90,1511
"Lloar, el",Priorat,430727,219,6.60,107
Llobera,Solsonès,251291,855,39.20,212
Llorac,Conca de Barberà,430733,648,23.30,97
Llorenç del Penedès,Baix Penedès,430748,162,4.60,2386
Lloret de Mar,Selva,170950,5,48.70,41159
"Llosses, les",Ripollès,170963,895,114.00,202
Lluçà,Osona,081094,745,53.00,291
Maçanet de Cabrenys,Alt Empordà,171024,370,67.90,755
Maçanet de la Selva,Selva,171030,100,45.60,7822
Madremanya,Gironès,170979,177,13.70,295
Maià de Montcal,Garrotxa,170985,241,17.30,464
Maials,Segrià,251333,395,57.10,905
Maldà,Urgell,251305,428,31.40,242
Malgrat de Mar,Maresme,081108,4,8.80,19150
Malla,Osona,081115,580,11.00,266
Manlleu,Osona,081120,461,17.20,21182
Manresa,Bages,081136,238,41.70,78570
Marçà,Priorat,430764,315,16.10,594
Margalef,Priorat,430751,379,34.70,108
Marganell,Bages,082423,291,13.50,297
Martorell,Baix Llobregat,081141,56,12.80,28643
Martorelles,Vallès Oriental,081154,96,3.60,4895
Mas de Barberans,Montsià,430770,348,78.80,545
Masarac,Alt Empordà,171002,85,12.60,301
Masdenverge,Montsià,430786,54,14.60,1133
"Masies de Roda, les",Osona,081167,468,16.40,745
"Masies de Voltregà, les",Osona,081173,533,22.40,3224
Masllorenç,Baix Penedès,430799,304,6.60,574
"Masnou, el",Maresme,081189,27,3.40,24176
"Masó, la",Alt Camp,430803,115,3.60,297
Maspujols,Baix Camp,430810,214,3.70,857
Masquefa,Anoia,081192,257,17.10,9819
"Masroig, el",Priorat,430825,192,15.50,467
Massalcoreig,Segrià,251312,94,14.10,566
Massanes,Selva,171019,164,26.10,830
Massoteres,Segarra,251327,502,26.10,218
Matadepera,Vallès Occidental,081206,423,25.40,9891
Mataró,Maresme,081213,28,22.50,129613
Mediona,Alt Penedès,081228,430,47.60,2629
Menàrguens,Noguera,251348,205,20.30,774
Meranges,Cerdanya,170998,1539,37.30,116
Mieres,Garrotxa,171058,286,26.30,351
"Milà, el",Alt Camp,430831,166,4.10,180
Miralcamp,Pla d'Urgell,251351,287,14.90,1371
Miravet,Ribera d'Ebre,430846,43,32.30,691
Moià,Moianès,081385,717,75.30,6670
"Molar, el",Priorat,430859,228,22.80,308
Molins de Rei,Baix Llobregat,081234,37,15.90,26568
Mollerussa,Pla d'Urgell,251370,250,7.10,15301
Mollet de Peralada,Alt Empordà,171061,59,6.00,215
Mollet del Vallès,Vallès Oriental,081249,65,10.80,51692
Molló,Ripollès,171077,1182,43.10,376
"Molsosa, la",Solsonès,251364,667,26.90,104
Monistrol de Calders,Moianès,081287,447,22.00,752
Monistrol de Montserrat,Bages,081271,161,11.80,3176
Montagut i Oix,Garrotxa,171096,276,93.70,981
Montblanc,Conca de Barberà,430862,350,91.10,7464
Montbrió del Camp,Baix Camp,430884,132,10.70,3096
Montcada i Reixac,Vallès Occidental,081252,36,23.50,36823
Montclar,Berguedà,081304,728,21.90,129
Montellà i Martinet,Cerdanya,251399,967,55.00,639
Montesquiu,Osona,081311,577,4.90,1106
Montferrer i Castellbò,Alt Urgell,251403,732,176.70,1093
Montferri,Alt Camp,430897,229,19.20,437
Montgai,Noguera,251386,286,28.90,637
Montgat,Maresme,081265,20,2.90,12458
Montmajor,Berguedà,081326,756,76.50,483
Montmaneu,Anoia,081332,709,13.60,197
"Montmell, el",Baix Penedès,430901,429,72.80,1891
Montmeló,Vallès Oriental,081350,72,4.00,8822
Montoliu de Lleida,Segrià,251425,166,7.30,485
Montoliu de Segarra,Segarra,251410,689,29.50,184
Montornès de Segarra,Segarra,251431,605,12.30,91
Montornès del Vallès,Vallès Oriental,081363,116,10.20,16752
Mont-ral,Alt Camp,430918,888,34.70,184
Mont-ras,Baix Empordà,171100,88,12.30,1670
Mont-roig del Camp,Baix Camp,430923,120,63.30,13682
Montseny,Vallès Oriental,081379,528,26.80,379
Móra d'Ebre,Ribera d'Ebre,430939,38,45.10,5656
Móra la Nova,Ribera d'Ebre,430944,31,15.90,3253
"Morell, el",Tarragonès,430957,104,5.90,3881
"Morera de Montsant, la",Priorat,430960,743,52.90,159
Muntanyola,Osona,081290,807,40.30,721
Mura,Bages,081398,454,47.80,227
Nalec,Urgell,251459,487,9.30,93
Naut Aran,Val d'Aran,250254,1267,255.80,1920
Navarcles,Bages,081402,269,5.50,6112
Navàs,Bages,081419,370,80.60,6161
Navata,Alt Empordà,171117,145,18.50,1460
Navès,Solsonès,251462,610,145.30,318
"Nou de Berguedà, la",Berguedà,081424,876,25.00,170
"Nou de Gaià, la",Tarragonès,430976,93,4.30,629
Nulles,Alt Camp,430982,231,10.60,546
Odèn,Solsonès,251484,1130,114.40,247
Òdena,Anoia,081430,421,52.70,3697
Ogassa,Ripollès,171122,951,45.20,228
Olèrdola,Alt Penedès,081458,189,30.20,3951
Olesa de Bonesvalls,Alt Penedès,081461,265,30.80,2108
Olesa de Montserrat,Baix Llobregat,081477,124,16.60,24458
Oliana,Alt Urgell,251497,469,32.40,1860
Oliola,Noguera,251500,452,86.30,198
Olius,Solsonès,251517,742,54.80,994
Olivella,Garraf,081483,211,38.80,4417
Olost,Osona,081496,572,29.40,1218
Olot,Garrotxa,171143,443,29.00,38003
"Oluges, les",Segarra,251522,528,19.00,166
Olvan,Berguedà,081445,553,35.60,894
"Omellons, els",Garrigues,251538,385,11.10,197
"Omells de na Gaia, els",Urgell,251543,560,13.50,120
Ordis,Alt Empordà,171156,98,8.60,393
Organyà,Alt Urgell,251556,558,12.50,799
Orís,Osona,081509,576,27.20,354
Oristà,Osona,081516,468,68.50,585
Orpí,Anoia,081521,375,15.20,164
Òrrius,Maresme,081537,259,5.70,799
Os de Balaguer,Noguera,251569,463,136.00,1081
Osor,Selva,171169,340,52.10,422
Ossó de Sió,Urgell,251575,391,26.30,196
Pacs del Penedès,Alt Penedès,081542,201,6.30,911
Palafolls,Maresme,081555,16,16.60,9823
Palafrugell,Baix Empordà,171175,64,26.90,23864
Palamós,Baix Empordà,171181,12,14.00,18333
"Palau d'Anglesola, el",Pla d'Urgell,251581,250,12.30,2185
Palau de Santa Eulàlia,Alt Empordà,171194,86,8.40,128
Palau-sator,Baix Empordà,171215,20,12.40,318
Palau-saverdera,Alt Empordà,171208,78,16.50,1494
Palau-solità i Plegamans,Vallès Occidental,081568,130,14.90,15125
"Pallaresos, els",Tarragonès,431009,120,5.10,4967
Pallejà,Baix Llobregat,081574,41,8.30,11715
"Palma d'Ebre, la",Ribera d'Ebre,430995,335,37.90,340
"Palma de Cervelló, la",Baix Llobregat,089058,100,5.50,3036
Palol de Revardit,Pla de l'Estany,171236,152,18.00,470
Pals,Baix Empordà,171241,55,25.80,2566
"Papiol, el",Baix Llobregat,081580,135,9.00,4318
Pardines,Ripollès,171254,1226,31.10,169
Parets del Vallès,Vallès Oriental,081593,98,9.10,18893
Parlavà,Baix Empordà,171267,40,6.20,413
Passanant i Belltall,Conca de Barberà,431016,714,27.40,179
Pau,Alt Empordà,171289,33,10.70,557
Paüls,Baix Ebre,431021,378,43.80,558
Pedret i Marzà,Alt Empordà,171292,22,8.70,181
Penelles,Noguera,251641,276,25.50,428
"Pera, la",Baix Empordà,171306,93,11.50,452
Perafita,Osona,081607,754,19.60,423
Perafort,Tarragonès,431037,125,9.50,1294
Peralada,Alt Empordà,171328,32,43.60,2024
Peramola,Alt Urgell,251654,566,56.20,343
"Perelló, el",Baix Ebre,431042,142,100.70,2913
Piera,Anoia,081614,324,57.20,17196
"Piles, les",Conca de Barberà,431055,676,22.40,230
Pineda de Mar,Maresme,081635,10,10.70,28840
"Pinell de Brai, el",Terra Alta,431068,189,57.00,1009
Pinell de Solsonès,Solsonès,251667,800,91.10,195
Pinós,Solsonès,251673,823,104.30,281
Pira,Conca de Barberà,431074,385,8.00,510
"Pla de Santa Maria, el",Alt Camp,431080,381,35.00,2389
"Pla del Penedès, el",Alt Penedès,081640,216,9.60,1316
"Planes d'Hostoles, les",Garrotxa,171334,370,37.50,1755
Planoles,Ripollès,171349,1136,18.80,314
"Plans de Sió, els",Segarra,259118,412,55.90,521
"Poal, el",Pla d'Urgell,251689,216,8.90,653
"Pobla de Cérvoles, la",Garrigues,251692,663,61.90,203
"Pobla de Claramunt, la",Anoia,081653,265,18.50,2311
"Pobla de Lillet, la",Berguedà,081666,843,51.50,1087
"Pobla de Mafumet, la",Tarragonès,431093,98,6.20,4087
"Pobla de Massaluca, la",Terra Alta,431107,357,43.40,338
"Pobla de Montornès, la",Tarragonès,431114,56,12.30,3235
"Pobla de Segur, la",Pallars Jussà,251713,524,32.80,3042
Poboleda,Priorat,431129,343,14.00,330
Polinyà,Vallès Occidental,081672,123,8.80,8480
"Pont d'Armentera, el",Alt Camp,431135,349,21.70,494
"Pont de Bar, el",Alt Urgell,250306,861,42.60,162
Pont de Molins,Alt Empordà,171352,43,8.70,558
"Pont de Suert, el",Alta Ribagorça,251734,838,148.10,2417
"Pont de Vilomara i Rocafort, el",Bages,081825,202,27.40,4087
Pontils,Conca de Barberà,431418,551,67.60,129
Pontons,Alt Penedès,081688,584,25.90,525
Pontós,Alt Empordà,171365,94,13.70,282
Ponts,Noguera,251728,363,30.50,2684
Porqueres,Pla de l'Estany,171371,148,33.50,4717
Porrera,Priorat,431140,316,28.80,435
"Port de la Selva, el",Alt Empordà,171404,12,41.60,1044
Portbou,Alt Empordà,171387,28,9.20,1068
"Portella, la",Segrià,251749,259,12.30,731
Pradell de la Teixeta,Priorat,431153,463,21.80,173
Prades,Baix Camp,431166,950,32.60,665
Prat de Comte,Terra Alta,431172,363,26.40,189
"Prat de Llobregat, el",Baix Llobregat,081691,8,31.40,65409
Pratdip,Baix Camp,431188,245,36.30,728
Prats de Lluçanès,Osona,081712,707,13.80,2682
"Prats de Rei, els",Anoia,081705,608,26.10,560
Prats i Sansor,Cerdanya,251752,1124,6.60,255
Preixana,Urgell,251765,328,21.50,402
Preixens,Noguera,251771,315,28.70,411
Premià de Dalt,Maresme,082303,142,6.60,10528
Premià de Mar,Maresme,081727,8,2.10,28702
"Preses, les",Garrotxa,171390,474,9.40,1903
Prullans,Cerdanya,251790,1096,21.20,268
Puigcerdà,Cerdanya,171411,1202,18.90,9775
Puigdàlber,Alt Penedès,081748,239,0.40,572
Puiggròs,Garrigues,251804,334,9.90,257
Puigpelat,Alt Camp,431191,252,9.50,1220
Puig-reig,Berguedà,081751,455,45.80,4390
Puigverd d'Agramunt,Urgell,251811,366,17.00,261
Puigverd de Lleida,Segrià,251826,219,12.50,1395
Pujalt,Anoia,081764,770,31.40,220
"Quar, la",Berguedà,081770,885,38.30,42
Quart,Gironès,171426,91,38.10,4026
Queralbs,Ripollès,170433,1236,93.50,197
Querol,Alt Camp,431205,565,72.30,589
Rabós,Alt Empordà,171432,106,45.10,219
Rajadell,Bages,081786,361,45.50,573
"Ràpita, la",Montsià,431362,11,53.70,15329
Rasquera,Ribera d'Ebre,431212,174,51.30,815
Regencós,Baix Empordà,171447,78,6.30,269
Rellinars,Vallès Occidental,081799,322,17.80,922
Renau,Tarragonès,431227,175,8.20,160
Reus,Baix Camp,431233,117,52.80,108535
Rialp,Pallars Sobirà,251832,725,63.30,667
"Riba, la",Alt Camp,431248,263,8.00,570
Riba-roja d'Ebre,Ribera d'Ebre,431251,76,99.10,1146
Ribera d'Ondara,Segarra,259059,570,54.50,456
Ribera d'Urgellet,Alt Urgell,251850,702,107.00,937
Ribes de Freser,Ripollès,171450,912,41.90,1836
Riells i Viabrea,Selva,171463,96,27.00,4427
"Riera de Gaià, la",Tarragonès,431264,28,8.80,1779
Riner,Solsonès,251863,830,47.10,267
Ripoll,Ripollès,171479,691,73.70,10818
Ripollet,Vallès Occidental,081803,79,4.30,39189
Riu de Cerdanya,Cerdanya,259139,1173,12.30,95
Riudarenes,Selva,171485,84,47.60,2328
Riudaura,Garrotxa,171498,572,23.60,524
Riudecanyes,Baix Camp,431270,195,17.10,1354
Riudecols,Baix Camp,431286,299,19.50,1223
Riudellots de la Selva,Selva,171501,98,13.10,2087
Riudoms,Baix Camp,431299,125,32.40,6900
Riumors,Alt Empordà,171518,7,6.50,235
"Roca del Vallès, la",Vallès Oriental,081810,123,36.90,10899
Rocafort de Queralt,Conca de Barberà,431303,566,8.50,243
Roda de Berà,Tarragonès,431310,57,16.50,7807
Roda de Ter,Osona,081831,443,2.20,6696
Rodonyà,Alt Camp,431325,312,8.50,527
Roquetes,Baix Ebre,431331,14,136.90,8298
Roses,Alt Empordà,171523,5,45.90,19984
Rosselló,Segrià,251898,252,9.90,3331
"Rourell, el",Alt Camp,431346,114,2.30,387
Rubí,Vallès Occidental,081846,123,32.30,80034
Rubió,Anoia,081859,629,48.00,256
Rupià,Baix Empordà,171539,66,5.30,316
Rupit i Pruit,Osona,089019,822,47.80,276
Sabadell,Vallès Occidental,081878,190,37.80,217968
Sagàs,Berguedà,081884,738,44.60,152
Salàs de Pallars,Pallars Jussà,251902,573,20.30,355
Saldes,Berguedà,081901,1215,66.40,301
Sales de Llierca,Garrotxa,171544,260,35.80,167
Sallent,Bages,081918,278,65.20,6828
Salomó,Tarragonès,431359,165,12.20,550
Salou,Tarragonès,439057,2,15.10,30087
Salt,Gironès,171557,83,6.60,33337
Sanaüja,Segarra,251919,409,33.00,399
Sant Adrià de Besòs,Barcelonès,081944,14,3.80,37906
Sant Agustí de Lluçanès,Osona,081957,816,13.20,109
Sant Andreu de la Barca,Baix Llobregat,081960,42,5.50,26862
Sant Andreu de Llavaneres,Maresme,081976,114,11.80,11839
Sant Andreu Salou,Gironès,171576,132,6.00,171
Sant Aniol de Finestres,Garrotxa,171833,289,47.70,364
Sant Antoni de Vilamajor,Vallès Oriental,081982,258,13.70,6565
Sant Bartomeu del Grau,Osona,081995,868,34.40,939
Sant Boi de Llobregat,Baix Llobregat,082009,30,21.50,83667
Sant Boi de Lluçanès,Osona,082016,813,19.50,572
Sant Cebrià de Vallalta,Maresme,082037,71,15.70,3791
Sant Celoni,Vallès Oriental,082021,152,65.20,18423
Sant Climent de Llobregat,Baix Llobregat,082042,87,10.80,4190
Sant Climent Sescebes,Alt Empordà,171582,86,24.40,674
Sant Cugat del Vallès,Vallès Occidental,082055,124,48.20,97579
Sant Cugat Sesgarrigues,Alt Penedès,082068,266,6.20,1021
Sant Esteve de la Sarga,Pallars Jussà,251961,875,92.90,130
Sant Esteve de Palautordera,Vallès Oriental,082074,231,10.60,3037
Sant Esteve Sesrovires,Baix Llobregat,082080,183,18.60,7889
Sant Feliu de Buixalleu,Selva,171595,402,61.90,862
Sant Feliu de Codines,Vallès Oriental,082107,480,15.00,6496
Sant Feliu de Guíxols,Baix Empordà,171609,4,16.20,22643
Sant Feliu de Llobregat,Baix Llobregat,082114,25,11.80,45956
Sant Feliu de Pallerols,Garrotxa,171616,473,34.90,1596
Sant Feliu Sasserra,Bages,082129,617,22.40,620
Sant Ferriol,Garrotxa,171621,146,42.20,251
Sant Fost de Campsentelles,Vallès Oriental,082093,112,13.20,9175
Sant Fruitós de Bages,Bages,082135,247,22.20,9137
Sant Gregori,Gironès,171637,112,49.20,4198
Sant Guim de Freixenet,Segarra,251924,738,25.10,1152
Sant Guim de la Plana,Segarra,251977,556,12.50,205
Sant Hilari Sacalm,Selva,171642,803,83.30,5894
Sant Hipòlit de Voltregà,Osona,082153,536,0.90,3704
Sant Iscle de Vallalta,Maresme,081939,129,17.80,1445
Sant Jaume d'Enveja,Montsià,439023,7,60.80,3641
Sant Jaume de Frontanyà,Berguedà,082166,1072,21.30,29
Sant Jaume de Llierca,Garrotxa,171655,203,6.80,868
Sant Jaume dels Domenys,Baix Penedès,431378,213,24.50,2781
Sant Joan de les Abadesses,Ripollès,171674,773,53.70,3295
Sant Joan de Mollet,Gironès,171680,54,3.20,521
Sant Joan de Vilatorrada,Bages,082188,277,16.40,10919
Sant Joan Despí,Baix Llobregat,082172,10,6.20,34552
Sant Joan les Fonts,Garrotxa,171851,342,31.90,3081
Sant Jordi Desvalls,Gironès,171668,57,11.70,847
Sant Julià de Cerdanyola,Berguedà,089030,954,11.80,241
Sant Julià de Ramis,Gironès,171693,128,18.80,3699
Sant Julià de Vilatorta,Osona,082205,600,15.90,3235
Sant Julià del Llor i Bonmatí,Selva,179032,160,9.70,1358
Sant Just Desvern,Baix Llobregat,082212,122,7.80,20478
Sant Llorenç d'Hortons,Alt Penedès,082227,196,19.70,2572
Sant Llorenç de la Muga,Alt Empordà,171714,173,31.80,274
Sant Llorenç de Morunys,Solsonès,251930,925,4.30,1002
Sant Llorenç Savall,Vallès Occidental,082233,466,41.10,2533
Sant Martí d'Albars,Osona,082251,629,14.70,121
Sant Martí de Centelles,Osona,082248,404,25.60,1240
Sant Martí de Llémena,Gironès,171729,256,43.10,709
Sant Martí de Riucorb,Urgell,259025,409,34.90,652
Sant Martí de Tous,Anoia,082264,465,39.20,1268
Sant Martí Sarroca,Alt Penedès,082270,291,35.30,3377
Sant Martí Sesgueioles,Anoia,082286,646,3.90,359
Sant Martí Vell,Gironès,171735,65,17.50,269
Sant Mateu de Bages,Bages,082299,569,102.90,632
Sant Miquel de Campmajor,Pla de l'Estany,171740,217,33.20,247
Sant Miquel de Fluvià,Alt Empordà,171753,28,3.50,834
Sant Mori,Alt Empordà,171766,51,7.50,178
Sant Pau de Segúries,Ripollès,171772,867,8.70,742
Sant Pere de Ribes,Garraf,082310,44,40.80,31702
Sant Pere de Riudebitlles,Alt Penedès,082325,246,5.40,2466
Sant Pere de Torelló,Osona,082331,621,55.10,2571
Sant Pere de Vilamajor,Vallès Oriental,082346,305,34.70,4856
Sant Pere Pescador,Alt Empordà,171788,5,18.50,2121
Sant Pere Sallavinera,Anoia,081897,588,22.00,162
Sant Pol de Mar,Maresme,082359,15,7.50,5771
Sant Quintí de Mediona,Alt Penedès,082362,326,13.80,2415
Sant Quirze de Besora,Osona,082378,587,8.10,2109
Sant Quirze del Vallès,Vallès Occidental,082384,188,14.10,20188
Sant Quirze Safaja,Moianès,082397,627,26.20,677
Sant Ramon,Segarra,251945,641,18.50,490
Sant Sadurní d'Anoia,Alt Penedès,082401,162,19.00,12941
Sant Sadurní d'Osormort,Osona,082418,531,30.60,89
Sant Salvador de Guardiola,Bages,080983,334,37.20,3422
Sant Vicenç de Castellet,Bages,082628,176,17.10,10061
Sant Vicenç de Montalt,Maresme,082649,143,8.10,6707
Sant Vicenç de Torelló,Osona,082652,555,6.60,2071
Sant Vicenç dels Horts,Baix Llobregat,082634,22,9.10,28422
Santa Bàrbara,Montsià,431384,79,28.20,3749
Santa Cecília de Voltregà,Osona,082439,519,8.60,184
Santa Coloma de Cervelló,Baix Llobregat,082444,73,7.50,8373
Santa Coloma de Farners,Selva,171805,142,70.60,13787
Santa Coloma de Gramenet,Barcelonès,082457,56,7.00,119195
Santa Coloma de Queralt,Conca de Barberà,431397,674,33.90,2811
Santa Cristina d'Aro,Baix Empordà,171812,30,67.60,5656
Santa Eugènia de Berga,Osona,082460,538,7.00,2295
Santa Eulàlia de Riuprimer,Osona,082476,568,13.80,1448
Santa Eulàlia de Ronçana,Vallès Oriental,082482,236,14.20,7852
Santa Fe del Penedès,Alt Penedès,082495,240,3.40,362
Santa Llogaia d'Àlguema,Alt Empordà,171827,42,1.90,396
Santa Margarida de Montbui,Anoia,082508,316,27.60,10418
Santa Margarida i els Monjos,Alt Penedès,082515,161,17.20,7629
Santa Maria d'Oló,Moianès,082589,542,66.20,1084
Santa Maria de Besora,Osona,082536,866,24.70,164
Santa Maria de Martorelles,Vallès Oriental,082567,181,4.50,882
Santa Maria de Merlès,Berguedà,082554,532,52.10,174
Santa Maria de Miralles,Anoia,082573,543,25.00,138
Santa Maria de Palautordera,Vallès Oriental,082592,208,16.90,9853
Santa Oliva,Baix Penedès,431401,101,9.70,3671
Santa Pau,Garrotxa,171848,496,49.00,1614
Santa Perpètua de Mogoda,Vallès Occidental,082606,74,15.80,25863
Santa Susanna,Maresme,082613,10,12.60,3854
Santpedor,Bages,081923,336,16.60,7668
Sarral,Conca de Barberà,431423,467,52.40,1605
Sarrià de Ter,Gironès,171864,70,4.20,5335
Sarroca de Bellera,Pallars Jussà,252017,1002,87.50,118
Sarroca de Lleida,Segrià,252000,201,42.20,388
"Saus, Camallera i Llampaies",Alt Empordà,171870,86,11.40,890
Savallà del Comtat,Conca de Barberà,431439,825,14.80,53
"Secuita, la",Tarragonès,431444,169,17.80,1788
"Selva de Mar, la",Alt Empordà,171886,48,7.20,221
"Selva del Camp, la",Baix Camp,431457,246,35.30,5745
Senan,Conca de Barberà,431460,652,11.70,44
"Sénia, la",Montsià,430445,369,108.40,5602
Senterada,Pallars Jussà,252022,729,34.50,160
"Sentiu de Sió, la",Noguera,250352,281,29.60,444
Sentmenat,Vallès Occidental,082671,207,28.80,9461
Serinyà,Pla de l'Estany,171903,188,17.40,1163
Seròs,Segrià,252043,103,85.80,1865
Serra de Daró,Baix Empordà,171910,15,7.90,238
Setcases,Ripollès,171925,1265,49.10,187
"Seu d'Urgell, la",Alt Urgell,252038,691,15.50,12479
Seva,Osona,082690,663,30.40,3775
Sidamon,Pla d'Urgell,252056,232,8.10,771
Sils,Selva,171931,76,29.90,6616
Sitges,Garraf,082704,10,43.90,32086
Siurana,Alt Empordà,170524,33,10.50,186
Sobremunt,Osona,082711,881,13.80,86
"Soleràs, el",Garrigues,252069,381,12.20,321
Solivella,Conca de Barberà,431476,489,21.40,632
Solsona,Solsonès,252075,664,17.70,9213
Sora,Osona,082726,716,31.70,217
Soriguera,Pallars Sobirà,252081,1258,106.40,442
Sort,Pallars Sobirà,252094,692,105.10,2244
Soses,Segrià,252108,118,30.20,1846
Subirats,Alt Penedès,082732,243,55.90,3245
Sudanell,Segrià,252115,152,8.70,886
Sunyer,Segrià,252120,211,12.70,327
Súria,Bages,082747,326,23.60,6035
Susqueda,Selva,171946,816,50.60,97
Tagamanent,Vallès Oriental,082763,354,43.30,344
Talamanca,Bages,082779,552,29.40,223
Talarn,Pallars Jussà,252154,572,28.00,590
Talavera,Segarra,252167,791,30.10,282
"Tallada d'Empordà, la",Baix Empordà,171959,20,16.60,475
Taradell,Osona,082785,623,26.50,6797
Tarragona,Tarragonès,431482,68,57.90,138326
Tàrrega,Urgell,252173,373,88.40,18189
Tarrés,Garrigues,252189,578,13.00,118
Tarroja de Segarra,Segarra,252192,460,7.60,181
Tavèrnoles,Osona,082750,537,18.80,339
Tavertet,Osona,082802,869,32.50,126
Teià,Maresme,082819,128,6.60,6682
Térmens,Noguera,252206,208,27.50,1330
Terrades,Alt Empordà,171962,228,21.00,347
Terrassa,Vallès Occidental,082798,277,70.20,225274
Tiana,Maresme,082824,136,8.00,9220
Tírvia,Pallars Sobirà,252213,991,8.50,143
Tiurana,Noguera,252228,387,15.90,67
Tivenys,Baix Ebre,431495,13,53.50,914
Tivissa,Ribera d'Ebre,431508,309,209.40,1633
Tona,Osona,082830,596,16.50,8440
Torà,Segarra,252234,448,93.30,1236
Tordera,Maresme,082845,34,84.10,18421
Torelló,Osona,082858,508,13.50,14922
"Torms, els",Garrigues,252249,476,13.80,142
Tornabous,Urgell,252252,289,24.20,849
"Torre de Cabdella, la",Pallars Jussà,252271,1075,165.30,793
"Torre de Claramunt, la",Anoia,082861,363,15.00,4020
"Torre de Fontaubella, la",Priorat,431515,369,7.10,119
"Torre de l'Espanyol, la",Ribera d'Ebre,431520,164,27.90,621
Torrebesses,Segrià,252265,287,27.50,297
Torredembarra,Tarragonès,431536,15,8.70,17614
Torrefarrera,Segrià,252287,214,23.50,4879
Torrefeta i Florejacs,Segarra,259078,475,88.90,612
Torregrossa,Pla d'Urgell,252304,232,40.50,2212
Torrelameu,Noguera,252311,201,10.90,774
Torrelavit,Alt Penedès,082877,202,23.70,1494
Torrelles de Foix,Alt Penedès,082883,367,36.70,2614
Torrelles de Llobregat,Baix Llobregat,082896,126,13.60,6217
Torrent,Baix Empordà,171978,44,8.00,170
Torres de Segre,Segrià,252326,119,50.60,2281
Torre-serona,Segrià,252332,197,5.90,415
Torroella de Fluvià,Alt Empordà,171984,9,16.90,769
Torroella de Montgrí,Baix Empordà,171997,31,65.90,12232
Torroja del Priorat,Priorat,431541,332,13.20,139
Tortellà,Garrotxa,172001,276,11.10,815
Tortosa,Baix Ebre,431554,12,218.50,34864
Toses,Ripollès,172018,1444,57.90,189
Tossa de Mar,Selva,172023,5,38.60,6185
Tremp,Pallars Jussà,252347,468,302.80,5991
Ullà,Baix Empordà,172044,21,7.30,1203
Ullastrell,Vallès Occidental,082900,342,7.30,2169
Ullastret,Baix Empordà,172057,49,11.10,265
Ulldecona,Montsià,431567,133,126.90,6500
Ulldemolins,Priorat,431573,650,38.20,419
Ultramort,Baix Empordà,172039,30,4.40,223
Urús,Cerdanya,172060,1263,17.40,212
Vacarisses,Vallès Occidental,082917,382,40.70,7453
"Vajol, la",Alt Empordà,170144,546,4.70,97
"Vall d'en Bas, la",Garrotxa,172076,510,90.70,3177
"Vall de Bianya, la",Garrotxa,172082,367,93.60,1359
"Vall de Boí, la",Alta Ribagorça,250432,1111,219.50,1092
Vall de Cardós,Pallars Sobirà,259010,898,56.20,383
Vallbona d'Anoia,Anoia,082922,289,6.50,1428
Vallbona de les Monges,Urgell,252385,481,34.10,222
Vallcebre,Berguedà,082938,1123,28.00,274
Vallclara,Conca de Barberà,431589,625,13.60,95
Vallfogona de Balaguer,Noguera,252402,235,27.00,1993
Vallfogona de Ripollès,Ripollès,171707,956,39.20,222
Vallfogona de Riucorb,Conca de Barberà,431592,573,10.90,93
Vallgorguina,Vallès Oriental,082943,222,22.10,3208
Vallirana,Baix Llobregat,082956,177,23.90,15795
Vall-llobrega,Baix Empordà,172095,49,5.50,923
Vallmoll,Alt Camp,431606,161,16.70,1941
Vallromanes,Vallès Oriental,082969,153,10.70,2709
Valls,Alt Camp,431613,215,55.30,24954
"Valls d'Aguilar, les",Alt Urgell,259062,669,123.80,277
"Valls de Valira, les",Alt Urgell,252398,740,171.30,787
Vandellòs i l'Hospitalet de l'Infant,Baix Camp,431628,281,102.70,6976
"Vansa i Fórnols, la",Alt Urgell,259097,989,106.10,180
Veciana,Anoia,082975,564,38.90,184
"Vendrell, el",Baix Penedès,431634,49,36.80,39685
Ventalló,Alt Empordà,172109,28,25.10,909
Verdú,Urgell,252424,434,35.80,885
Verges,Baix Empordà,172116,23,9.70,1165
Vespella de Gaià,Tarragonès,431649,191,18.00,495
Vic,Osona,082981,484,30.60,48235
Vidrà,Osona,172121,982,34.40,179
Vidreres,Selva,172137,93,48.10,8452
Vielha e Mijaran,Val d'Aran,252430,974,211.70,5740
Vilabella,Alt Camp,431652,254,18.20,729
Vilabertran,Alt Empordà,172142,19,2.30,994
Vilablareix,Gironès,172155,99,6.20,3508
Vilada,Berguedà,082994,757,22.30,430
Viladamat,Alt Empordà,172174,13,11.70,485
Viladasens,Gironès,172168,96,15.70,222
Viladecans,Baix Llobregat,083015,18,20.40,66615
Viladecavalls,Vallès Occidental,083008,274,20.10,7794
Vilademuls,Pla de l'Estany,172180,120,61.50,838
Viladrau,Osona,172207,821,50.70,1134
Vilafant,Alt Empordà,172214,54,8.40,5624
Vilafranca del Penedès,Alt Penedès,083054,223,19.70,40596
Vilagrassa,Urgell,252445,355,19.90,624
Vilajuïga,Alt Empordà,172235,31,13.10,1161
Vilalba dels Arcs,Terra Alta,431750,450,67.30,626
Vilalba Sasserra,Vallès Oriental,083067,200,6.10,753
Vilaller,Alta Ribagorça,252458,981,59.20,510
Vilallonga de Ter,Ripollès,172240,1067,64.20,401
Vilallonga del Camp,Tarragonès,431665,124,9.00,2436
Vilamacolum,Alt Empordà,172253,5,5.60,379
Vilamalla,Alt Empordà,172266,45,8.80,1188
Vilamaniscle,Alt Empordà,172272,169,5.50,200
Vilamòs,Val d'Aran,252477,1255,15.40,173
Vilanant,Alt Empordà,172288,98,16.90,411
Vilanova d'Escornalbou,Baix Camp,431671,226,17.20,595
Vilanova de Bellpuig,Pla d'Urgell,252483,290,14.00,1186
Vilanova de l'Aguda,Noguera,252496,409,53.70,197
Vilanova de la Barca,Segrià,252542,195,21.60,1090
Vilanova de Meià,Noguera,252509,633,105.20,444
Vilanova de Prades,Conca de Barberà,431687,893,21.50,114
Vilanova de Sau,Osona,083036,558,58.80,309
Vilanova de Segrià,Segrià,252516,255,8.50,1044
Vilanova del Camí,Anoia,083020,302,10.30,12757
Vilanova del Vallès,Vallès Oriental,089024,91,15.20,5608
Vilanova i la Geltrú,Garraf,083073,22,34.00,68768
Vilaplana,Baix Camp,431690,366,23.20,557
Vila-rodona,Alt Camp,431704,259,33.10,1365
Vila-sacra,Alt Empordà,172305,16,6.00,799
Vila-sana,Pla d'Urgell,252521,249,19.10,760
Vila-seca,Tarragonès,431711,45,21.60,23459
Vilassar de Dalt,Maresme,082140,142,8.90,9254
Vilassar de Mar,Maresme,082191,10,4.00,21039
Vilaür,Alt Empordà,172229,65,5.50,168
Vilaverd,Conca de Barberà,431726,269,12.60,477
"Vilella Alta, la",Priorat,431732,327,5.20,130
"Vilella Baixa, la",Priorat,431747,218,5.60,201
Vilobí d'Onyar,Selva,172333,122,32.60,3269
Vilobí del Penedès,Alt Penedès,083041,286,9.30,1142
Vilopriu,Baix Empordà,172327,82,16.40,210
"Vilosell, el",Garrigues,252537,665,18.90,191
Vimbodí i Poblet,Conca de Barberà,431763,496,66.10,905
Vinaixa,Garrigues,252555,479,37.60,446
Vinebre,Ribera d'Ebre,431779,34,26.40,410
Vinyols i els Arcs,Baix Camp,431785,95,10.80,2351
Viver i Serrateix,Berguedà,083089,729,66.80,174
Xerta,Baix Ebre,430521,12,32.40,1161

